{"cameraMode":{"drawMode":0,"name":"Shaded","section":"Shading Mode"},"sceneLighting":true,"audioPlay":false,"sceneViewState":{"showFog":true,"showMaterialUpdate":false,"showSkybox":true,"showFlares":true,"showImageEffects":true,"showParticleSystems":true,"showVisualEffectGraphs":true,"m_FxEnabled":true},"in2DMode":false,"pivot":{"x":5.215991973876953,"y":-21.674495697021486,"z":41.66574478149414},"rotation":{"x":0.23509424924850465,"y":0.006740773096680641,"z":-0.0016546626575291157,"w":0.9720042943954468},"size":30.802505493164064,"orthographic":false}