{"cameraMode":{"drawMode":0,"name":"Shaded","section":"Shading Mode"},"sceneLighting":false,"audioPlay":false,"sceneViewState":{"showFog":true,"showMaterialUpdate":false,"showSkybox":false,"showFlares":true,"showImageEffects":true,"showParticleSystems":true,"showVisualEffectGraphs":true,"m_FxEnabled":true},"in2DMode":false,"pivot":{"x":0.8852123618125916,"y":-1.7656712532043458,"z":9.780435562133789},"rotation":{"x":0.14672692120075227,"y":0.02701272815465927,"z":-0.003992311656475067,"w":0.9888231158256531},"size":7.559286117553711,"orthographic":false}