{"cameraMode":{"drawMode":0,"name":"Shaded","section":"Shading Mode"},"sceneLighting":false,"audioPlay":false,"sceneViewState":{"showFog":true,"showMaterialUpdate":false,"showSkybox":false,"showFlares":true,"showImageEffects":true,"showParticleSystems":true,"showVisualEffectGraphs":true,"m_FxEnabled":true},"in2DMode":false,"pivot":{"x":-0.24434995651245118,"y":-2.557539939880371,"z":6.772485256195068},"rotation":{"x":0.15566131472587586,"y":0.015125010162591935,"z":-0.0023649486247450115,"w":0.9877203106880188},"size":7.182806491851807,"orthographic":false}